{
  "optimize": {
    "img": {
      "p3_01.png": {
        "originalSize": 618,
        "optimizedSize": 498,
        "saved": 120,
        "percent": 19.41747572815534
      },
      "p3_02.png": {
        "originalSize": 591,
        "optimizedSize": 382,
        "saved": 209,
        "percent": 35.36379018612521
      },
      "p3_03.png": {
        "originalSize": 613,
        "optimizedSize": 462,
        "saved": 151,
        "percent": 24.63295269168026
      },
      "p3_04.png": {
        "originalSize": 1485,
        "optimizedSize": 1135,
        "saved": 350,
        "percent": 23.56902356902357
      }
    },
    "css": {
      "index.css": {
        "originalSize": 8442,
        "optimizedSize": 6333,
        "saved": 2109,
        "percent": 24.98223169864961
      }
    },
    "js": {
      "index.js": {
        "originalSize": 89,
        "optimizedSize": 13,
        "saved": 76,
        "percent": 85.39325842696628
      }
    }
  }
}